vehicle_id,make,model,year,capacity
1,"Smith, Williams and Huff",positive,2009,3
2,"Silva, Miller and Townsend",glass,2003,6
3,Mitchell LLC,north,2005,7
4,Hill LLC,leave,2016,7
5,Smith Group,glass,2011,6
6,Gilbert Group,city,2022,2
7,"Cook, Gregory and Smith",later,2018,4
8,"Lopez, Tucker and Perry",just,2022,4
9,Whitaker-Munoz,specific,2008,6
10,"Anderson, James and Dominguez",contain,2005,6
11,Hernandez-Daniels,throughout,2012,7
12,Flynn-Scott,player,2017,7
13,"Webb, Crawford and King",common,2012,5
14,Nelson-Kelly,stuff,2002,6
15,Campbell-Morris,campaign,2019,6
16,Pennington-Sanchez,discover,2007,3
17,"Riley, Nicholson and Baird",statement,2023,4
18,"Jones, Rice and Hill",three,2003,3
19,Davis-Gibbs,name,2011,5
20,"Torres, Green and Johnson",so,2017,6
21,Alvarez Ltd,choose,2003,2
22,Tucker Inc,really,2013,2
23,"Garcia, Arnold and Anderson",show,2018,5
24,Cooper-Scott,level,2000,5
25,"Armstrong, Davis and Rivera",president,2005,3
26,Salinas-Anderson,friend,2007,7
27,Jones Ltd,responsibility,2003,7
28,Adams Inc,work,2007,7
29,Walsh Ltd,Democrat,2012,4
30,Stein LLC,than,2001,4
31,Underwood Inc,forget,2004,7
32,Giles-May,nearly,2008,4
33,Thompson and Sons,quite,2020,3
34,Farmer Inc,agreement,2007,5
35,Dawson PLC,side,2008,2
36,Banks PLC,effort,2016,6
37,"Lin, Nixon and Garcia",evening,2018,7
38,Boyd-Benson,cost,2016,3
39,Williams PLC,relate,2022,4
40,Figueroa Ltd,ok,2014,6
41,Hood-Gill,data,2015,7
42,Trujillo Inc,not,2006,5
43,"Mccarty, Barnes and Rose",music,2015,6
44,Murphy and Sons,among,2007,3
45,Martinez-Case,organization,2009,7
46,"Willis, Reynolds and Dorsey",organization,2019,6
47,Garcia Group,relate,2017,7
48,"Mata, Lane and Martinez",poor,2005,3
49,Brooks LLC,time,2003,4
50,Rosario LLC,food,2022,2
51,Miller-Perez,tree,2023,5
52,Kirby and Sons,yes,2002,3
53,White-Guzman,role,2013,2
54,Simmons Inc,two,2002,2
55,Davis and Sons,enjoy,2008,6
56,Dunlap Inc,cost,2015,2
57,Ramos PLC,back,2001,6
58,Cummings-Wallace,yet,2005,2
59,Braun-Cruz,among,2014,2
60,Diaz-Bowman,force,2015,7
61,Carter and Sons,rate,2013,4
62,"Lopez, Green and Cain",region,2001,3
63,"Johnson, Bradford and Klein",include,2017,4
64,Jackson PLC,form,2020,6
65,"Parks, Logan and Patterson",water,2023,2
66,Weaver and Sons,especially,2015,2
67,Sanders LLC,move,2010,3
68,Perkins-Adkins,Congress,2001,4
69,"Aguilar, Alvarez and Kidd",she,2013,5
70,"Esparza, Pena and Campos",table,2008,5
71,Parker Ltd,which,2007,2
72,Zimmerman-Hodges,there,2003,4
73,Brown and Sons,pick,2015,6
74,Bowen Inc,law,2006,2
75,"Burns, Rocha and Smith",feel,2021,3
76,"Armstrong, Rice and Jackson",light,2012,7
77,West LLC,organization,2016,2
78,Perry-Acosta,almost,2013,2
79,Nichols-Krueger,prove,2016,3
80,Bauer-Miller,off,2004,4
81,Reed and Sons,organization,2023,7
82,Hawkins-Bentley,build,2010,6
83,Vargas-Fowler,majority,2021,4
84,"Mcmillan, Reyes and Schwartz",our,2021,5
85,Ramirez-Hernandez,Mrs,2012,3
86,Roberts-Carrillo,picture,2014,7
87,"Fisher, Floyd and Moore",few,2014,2
88,Frey-Chapman,become,2018,3
89,"Smith, Lewis and Schneider",accept,2004,3
90,"Glass, Guzman and Moon",sort,2004,2
91,"Lopez, Whitney and Perry",itself,2023,7
92,"Edwards, Powell and Ashley",him,2000,5
93,Nixon and Sons,evening,2015,3
94,Bender-Zavala,while,2007,2
95,"Young, Martin and Gonzalez",standard,2000,6
96,Kim-Robinson,what,2012,2
97,Nixon and Sons,learn,2016,3
98,"Harrison, Cruz and Gray",manager,2020,3
99,Flynn and Sons,pressure,2013,7
100,Powers Ltd,home,2017,7
101,Hodges LLC,establish,2015,3
102,Hall-Buckley,tax,2012,3
103,"Gray, Soto and Brown",could,2004,2
104,"Kane, Ritter and Johnson",work,2009,4
105,"Farmer, Snyder and Petersen",instead,2000,3
106,"Hampton, Buckley and Adams",both,2012,4
107,"Blair, Carr and Wang",American,2020,7
108,Gardner Ltd,must,2022,2
109,"Melton, Lowery and Bailey",order,2021,5
110,"Gonzalez, Welch and Miller",low,2009,5
111,Robinson-Ayala,score,2010,7
112,Davis-Hall,rich,2011,3
113,Watson PLC,they,2020,4
114,"Taylor, Mullins and Richards",key,2013,2
115,"Harris, Ortega and Estrada",others,2006,3
116,Rios Inc,and,2004,4
117,Vaughn-Brown,factor,2003,5
118,Peterson Ltd,manager,2023,5
119,Owens-Williams,situation,2005,5
120,Gardner-Davis,energy,2020,7
121,Patel-Romero,short,2023,3
122,Estrada-Jordan,air,2010,3
123,"Smith, Lloyd and Mullins",gun,2020,3
124,"Frey, Duran and Barker",government,2017,7
125,Anderson-Rodriguez,particular,2015,2
126,Aguirre-Sanders,fire,2009,7
127,Andersen PLC,according,2010,6
128,Williams-Smith,conference,2020,2
129,Bishop Group,everybody,2005,2
130,"Grant, Adams and Ball",back,2015,3
131,Tanner and Sons,check,2012,7
132,Pierce-Ramirez,if,2003,5
133,Tate-Ramirez,region,2023,7
134,Edwards-Anderson,PM,2021,6
135,"Vargas, Green and Rubio",help,2016,2
136,"Cole, Beltran and Lawrence",election,2003,6
137,"Baker, Miller and Price",hit,2008,4
138,"Navarro, Lucas and Potts",cut,2009,2
139,Johnson-Ward,growth,2013,6
140,Adams-Brooks,any,2004,6
141,Conrad-Berger,process,2008,7
142,Sims-Wallace,early,2007,3
143,Benjamin-Holland,lawyer,2000,3
144,"Cooper, Kennedy and Sanchez",check,2011,3
145,Davis-Young,personal,2010,6
146,Hart PLC,general,2023,3
147,Fischer-Zamora,increase,2017,6
148,Smith Ltd,floor,2016,7
149,Sherman-Thomas,certain,2020,2
150,"Murphy, Ryan and Baxter",deep,2015,7
151,"Silva, Ramirez and Williams",they,2016,7
152,Patton-Cervantes,past,2019,4
153,"Williams, Mitchell and Allison",hope,2022,4
154,"Cooley, Harris and Fuller",best,2006,6
155,Walker PLC,girl,2012,3
156,"Duncan, Benson and Kane",the,2000,6
157,"Stewart, Bean and King",right,2021,3
158,"Hernandez, Mitchell and Smith",such,2006,7
159,Hobbs-Johnson,animal,2000,5
160,Rivera Inc,oil,2016,3
161,"Griffin, Williams and Ellis",item,2001,2
162,Cole-Davidson,place,2004,5
163,"Hunt, Rice and Stewart",always,2002,4
164,"Collins, Duncan and Coleman",total,2020,2
165,"Walsh, Smith and Morrison",control,2000,2
166,Maxwell Group,friend,2013,7
167,Welch PLC,page,2000,7
168,"Cisneros, Anderson and Mayer",economy,2008,2
169,"Lewis, Miller and Collins",letter,2008,2
170,"Bailey, Cox and Wilson",baby,2001,5
171,Harris-Porter,according,2000,6
172,"Ramirez, Wright and Higgins",knowledge,2023,5
173,Holmes-Herman,fire,2012,5
174,"Hebert, Olson and Brown",use,2023,5
175,Cox-Porter,million,2002,6
176,"Baxter, Mathews and Pace",ball,2012,7
177,Thomas-Rodriguez,former,2000,3
178,Hill-Martinez,whole,2017,2
179,"Thompson, Hahn and Smith",source,2021,7
180,"Kelley, Mills and Cooley",room,2015,6
181,"Cabrera, Koch and Hernandez",drug,2016,5
182,Foley Group,necessary,2023,7
183,Weber-Browning,skin,2007,7
184,Hampton Group,want,2010,4
185,"Allen, Ruiz and Diaz",future,2018,2
186,"Byrd, Williams and Wood",approach,2011,5
187,"Bryant, Smith and Watson",life,2006,3
188,Allen-Davis,attack,2001,6
189,Ortega and Sons,across,2016,6
190,Anderson Ltd,early,2007,6
191,"Shields, Rollins and Miller",realize,2002,5
192,Warren-Vasquez,remember,2001,5
193,Johnson-Robertson,environmental,2016,5
194,Boyd-Perez,thus,2017,7
195,Williams Inc,actually,2017,5
196,"Kelly, Wright and Jackson",PM,2004,2
197,"Kidd, Hardy and Johnson",during,2022,2
198,Marshall-King,about,2021,4
199,Miller-Faulkner,third,2004,6
200,Taylor-White,rate,2013,2
201,Dawson-Tucker,hot,2020,5
202,"Martinez, Thompson and Hill",increase,2015,2
203,"Sims, Jennings and Turner",century,2001,2
204,"Anderson, Chaney and Smith",light,2016,5
205,Paul LLC,move,2014,4
206,Butler PLC,return,2023,5
207,Martinez-Arellano,usually,2008,4
208,"Lester, Long and Fernandez",reveal,2002,3
209,Clay Ltd,space,2019,5
210,Ellis-Miller,true,2018,7
211,"Giles, Knight and Gonzalez",data,2004,5
212,Haney Ltd,entire,2010,2
213,Haynes PLC,thought,2019,6
214,"Wilson, Moore and Brown",civil,2021,7
215,Chan PLC,believe,2014,5
216,Rogers PLC,close,2000,7
217,Kirk Group,seven,2010,2
218,Zamora LLC,day,2012,5
219,"Moss, Price and Wilson",fish,2012,7
220,"Williams, Nixon and May",relate,2000,4
221,Galloway and Sons,trial,2002,5
222,"Perez, Collins and Gray",event,2006,4
223,Eaton Inc,yourself,2012,4
224,"Weiss, Lopez and Garcia",young,2008,6
225,Collins-Carlson,computer,2018,3
226,Garcia-Bishop,ahead,2005,4
227,Wyatt-Garza,only,2005,5
228,Hanna-Russell,employee,2001,2
229,Martinez Ltd,sound,2022,6
230,Brandt-Guerrero,yes,2003,7
231,Griffin-Myers,understand,2012,4
232,Moore-Olson,leave,2006,7
233,Taylor Inc,head,2006,2
234,"Grimes, Clark and Johnson",opportunity,2002,4
235,"Chavez, Hughes and Irwin",lawyer,2019,2
236,Cunningham-Walton,beautiful,2022,6
237,"Shelton, Bryant and Combs",head,2004,5
238,Fields LLC,cultural,2019,4
239,Nelson Group,almost,2004,7
240,"Miller, Garcia and Ortiz",quite,2009,2
241,"Ward, Mann and Hart",bed,2007,6
242,"Clark, Mendoza and Nash",cover,2009,3
243,"Powell, Rios and Wade",company,2021,6
244,Boyle-Harrison,guy,2002,5
245,Bailey-Giles,follow,2012,5
246,Bell-Moore,large,2019,6
247,"Frey, Miller and Cooper",artist,2016,4
248,Brown Group,street,2011,5
249,Johnson-Ortiz,think,2011,5
250,"Kelly, Martinez and Hinton",young,2008,4
251,Smith-Smith,fall,2005,4
252,Bradshaw and Sons,hope,2014,5
253,Fields LLC,cut,2005,4
254,English-Smith,travel,2007,2
255,"Perry, Douglas and Mcintyre",control,2023,3
256,Wells Ltd,result,2018,4
257,Stevenson-Sanders,buy,2019,7
258,"Craig, Pierce and Smith",indeed,2013,2
259,Dawson LLC,clearly,2021,7
260,King-King,night,2013,3
261,"Hughes, Lopez and Graham",himself,2012,7
262,Vaughan-Burns,financial,2002,2
263,Hunter-Graham,statement,2008,3
264,"Perez, Allen and Rodriguez",never,2006,6
265,Robinson PLC,enjoy,2008,6
266,"Pierce, Jordan and Berry",drop,2001,3
267,Anderson Group,subject,2008,3
268,"Hardin, Hartman and Scott",task,2012,2
269,White-Thomas,rate,2016,5
270,Henderson LLC,power,2016,2
271,Howard Inc,need,2019,5
272,Burns LLC,building,2015,6
273,Warren-Dougherty,matter,2018,7
274,"Doyle, Allen and Vasquez",rich,2017,6
275,Rose-Ramirez,especially,2021,6
276,Taylor-Martinez,much,2015,6
277,"Sanchez, Frye and Howard",paper,2004,7
278,Garcia-Coleman,certainly,2017,2
279,Miller-Patel,its,2005,2
280,"Wright, Gonzalez and Perez",responsibility,2021,3
281,Kramer-Roth,become,2018,5
282,"Brown, Davis and Wu",main,2018,6
283,Ross Group,tough,2008,3
284,"Anderson, Miller and Fowler",road,2019,3
285,Clark-Taylor,body,2012,3
286,Williams-Bishop,imagine,2012,7
287,Palmer Inc,key,2012,6
288,Bowers-Stone,brother,2014,4
289,Williams-Cobb,provide,2002,6
290,Knight LLC,place,2004,3
291,Strickland Group,man,2013,5
292,"Alexander, George and Davis",recently,2019,7
293,"Silva, Smith and Macdonald",make,2017,7
294,"James, Mitchell and Johnson",affect,2008,3
295,"Ritter, Barnes and King",born,2012,5
296,"Thomas, Martin and Williams",above,2015,7
297,Brennan Inc,traditional,2020,5
298,Hansen Ltd,brother,2014,4
299,Garcia-Marsh,drug,2003,7
300,"Pena, Stone and Tapia",director,2008,4
